{
  "coef_a": 1.7846822836302427,
  "coef_b": -152.86178519661468,
  "r_squared": 0.999347721434815,
  "ref_points": [
    {
      "intensity": 117,
      "temp_c": 60.0
    },
    {
      "intensity": 100,
      "temp_c": 22.0
    },
    {
      "intensity": 254,
      "temp_c": 300.0
    }
  ]
}